rtnAddress, rtnName, countSeen, insCount
0x401278, fallbackQSort3, 1383, 1250906
0x401090, fallbackSimpleSort, 1847, 421376

originRtnAddress, callAddress, callerRtnName, countSeen, targetAdress, targetRtnName, targetInsCount, StrongestCallerAddress
0x401278, 0x401330, fallbackQSort3, 1847, 0x401090, fallbackSimpleSort, 421376, 0x401330

rtnAddress, rtnName, orderedBBLS
0x401090, fallbackSimpleSort, 0x401090, 0x4010aa, 0x401276, 0x4010af, 0x4010c2, 0x401190, 0x40119c, 0x40126a, 0x4011aa, 0x401217, 0x40124d, 0x4010d0, 0x40113d, 0x401173, 0x40110d, 0x401145, 0x4011e7, 0x40121f, 
0x401278, fallbackQSort3, 0x401278, 0x401896, 0x4018a0, 0x4012d8, 0x4012de, 0x4012e8, 0x40133a, 0x40136f, 0x401416, 0x401436, 0x401505, 0x40150d, 0x4015dc, 0x4015e4, 0x4015ed, 0x401666, 0x401319, 0x401335, 0x4013a3, 0x4013e4, 0x4013a9, 0x40142e, 0x40143b, 0x40147c, 0x4014f4, 0x4014fa, 0x4014fc, 0x401512, 0x401553, 0x4015cb, 0x4015d1, 0x4015d3, 0x4015ef, 0x40166b, 0x401716, 0x40171c, 0x4017ca, 0x4017d0, 0x40180c, 0x401845, 0x4016a0, 0x401754, 0x401852, 
